,precision,recall,f1-score,support
-1,1.0,0.3333333333333333,0.5,6.0
0,0.0,0.0,0.0,6.0
1,0.7058823529411765,1.0,0.8275862068965517,24.0
accuracy,0.7222222222222222,0.7222222222222222,0.7222222222222222,0.7222222222222222
macro avg,0.5686274509803922,0.4444444444444444,0.44252873563218387,36.0
weighted avg,0.6372549019607843,0.7222222222222222,0.6350574712643678,36.0
