,precision,recall,f1-score,support
-1,1.0,0.75,0.8571428571428571,12.0
0,0.0,0.0,0.0,6.0
1,0.6666666666666666,1.0,0.8,18.0
accuracy,0.75,0.75,0.75,0.75
macro avg,0.5555555555555555,0.5833333333333334,0.5523809523809523,36.0
weighted avg,0.6666666666666666,0.75,0.6857142857142856,36.0
