,precision,recall,f1-score,support
-1,0.42857142857142855,1.0,0.6,6.0
0,0.0,0.0,0.0,6.0
1,1.0,0.9166666666666666,0.9565217391304348,24.0
accuracy,0.7777777777777778,0.7777777777777778,0.7777777777777778,0.7777777777777778
macro avg,0.4761904761904762,0.6388888888888888,0.5188405797101449,36.0
weighted avg,0.738095238095238,0.7777777777777778,0.73768115942029,36.0
