,precision,recall,f1-score,support
-1,0.75,1.0,0.8571428571428571,12.0
0,0.0,0.0,0.0,6.0
1,0.9,1.0,0.9473684210526316,18.0
accuracy,0.8333333333333334,0.8333333333333334,0.8333333333333334,0.8333333333333334
macro avg,0.5499999999999999,0.6666666666666666,0.6015037593984962,36.0
weighted avg,0.7,0.8333333333333334,0.7593984962406015,36.0
